{
  "model_name": "answerdotai/ModernBERT-base",
  "hyperparameters": {
    "learning_rate": 1e-05,
    "per_device_train_batch_size": 4,
    "num_train_epochs": 6.0,
    "warmup_ratio": 0.1,
    "weight_decay": 0.01,
    "seed": 42,
    "class_weight_cap": null,
    "class_weights": null,
    "gradient_accumulation_steps": 2,
    "gradient_checkpointing": true,
    "attn_implementation": "sdpa",
    "checkpoint_metric": "token_f1",
    "implicit_true_weight": 1.0,
    "early_stopping_patience": 6
  },
  "counts": {
    "train_rows": 13578,
    "val_rows": 1512,
    "test_rows": 2700,
    "train_token_labels": {
      "supported": 2164965,
      "hallucinated": 126646
    }
  },
  "best_checkpoint": {
    "metric": "token_f1",
    "value": 0.5209279080421474,
    "epoch": 3.0,
    "step": 5094
  },
  "val": {
    "span_char_level": {
      "precision": 0.6125863144968091,
      "recall": 0.45098039215686275,
      "f1": 0.5195055742406911
    },
    "response_level_derived": {
      "accuracy": 0.8101851851851852,
      "precision": 0.8333333333333334,
      "recall": 0.7088989441930619,
      "f1": 0.7660961695191524
    },
    "span_exact_match": {
      "precision": 0.1480218281036835,
      "recall": 0.17627944760357434,
      "f1": 0.16091954022988506
    }
  },
  "test": {
    "span_char_level": {
      "precision": 0.6474077808587514,
      "recall": 0.45170897578706687,
      "f1": 0.5321361972511914
    },
    "response_level_derived": {
      "accuracy": 0.8477777777777777,
      "precision": 0.8358585858585859,
      "recall": 0.7020148462354189,
      "f1": 0.7631123919308357
    },
    "span_exact_match": {
      "precision": 0.15148247978436657,
      "recall": 0.18846411804158283,
      "f1": 0.16796174536760314
    },
    "always_hallucinated": {
      "precision": 0.34925925925925927,
      "recall": 1.0,
      "f1": 0.5177051880318418
    },
    "random": {
      "precision": 0.3497390007457122,
      "recall": 0.4973488865323436,
      "f1": 0.4106830122591944
    },
    "per_task_type": {
      "Summary": {
        "n": 900,
        "precision": 0.7,
        "recall": 0.37745098039215685,
        "f1": 0.49044585987261147
      },
      "QA": {
        "n": 900,
        "precision": 0.6729559748427673,
        "recall": 0.66875,
        "f1": 0.670846394984326
      },
      "Data2txt": {
        "n": 900,
        "precision": 0.9139579349904398,
        "recall": 0.8255613126079447,
        "f1": 0.867513611615245
      }
    }
  }
}