{
  "model_name": "answerdotai/ModernBERT-base",
  "hyperparameters": {
    "learning_rate": 2e-05,
    "per_device_train_batch_size": 4,
    "num_train_epochs": 5.0,
    "warmup_ratio": 0.1,
    "weight_decay": 0.01,
    "seed": 42,
    "class_weights": [
      0.9028,
      1.1207
    ],
    "gradient_accumulation_steps": 4,
    "gradient_checkpointing": true,
    "attn_implementation": "sdpa"
  },
  "counts": {
    "train_rows": 13578,
    "val_rows": 1512,
    "test_rows": 2700
  },
  "val": {
    "finetuned": {
      "accuracy": 0.7870370370370371,
      "precision": 0.7481804949053857,
      "recall": 0.77526395173454,
      "f1": 0.7614814814814815
    }
  },
  "test": {
    "finetuned": {
      "accuracy": 0.7959259259259259,
      "precision": 0.6838649155722326,
      "recall": 0.7730646871686108,
      "f1": 0.7257341961174714
    },
    "always_hallucinated": {
      "precision": 0.34925925925925927,
      "recall": 1.0,
      "f1": 0.5177051880318418
    },
    "random": {
      "precision": 0.3497390007457122,
      "recall": 0.4973488865323436,
      "f1": 0.4106830122591944
    },
    "per_task_type": {
      "Summary": {
        "n": 900,
        "precision": 0.4603174603174603,
        "recall": 0.5686274509803921,
        "f1": 0.5087719298245614
      },
      "QA": {
        "n": 900,
        "precision": 0.5240384615384616,
        "recall": 0.68125,
        "f1": 0.592391304347826
      },
      "Data2txt": {
        "n": 900,
        "precision": 0.8316831683168316,
        "recall": 0.8704663212435233,
        "f1": 0.850632911392405
      }
    }
  }
}