{
  "threshold_tuning": {
    "global_threshold": 0.45,
    "per_task_thresholds": {
      "Summary": 0.15,
      "QA": 0.45,
      "Data2txt": 0.65
    },
    "val_global_best": {
      "threshold": 0.45,
      "precision": 0.7993680884676145,
      "recall": 0.7631975867269984,
      "f1": 0.7808641975308642
    },
    "val_per_task_best": {
      "Summary": {
        "threshold": 0.15,
        "precision": 0.5903614457831325,
        "recall": 0.6163522012578616,
        "f1": 0.6030769230769231
      },
      "QA": {
        "threshold": 0.45,
        "precision": 0.7062937062937062,
        "recall": 0.7062937062937062,
        "f1": 0.7062937062937062
      },
      "Data2txt": {
        "threshold": 0.65,
        "precision": 0.9215116279069767,
        "recall": 0.8781163434903048,
        "f1": 0.8992907801418439
      }
    },
    "test_stored": {
      "precision": 0.7873303167420814,
      "recall": 0.7380699893955461,
      "f1": 0.7619047619047619,
      "n": 2700
    },
    "test_global": {
      "precision": 0.7712418300653595,
      "recall": 0.750795334040297,
      "f1": 0.7608812466415905,
      "n": 2700
    },
    "test_per_task_applied": {
      "precision": 0.7395833333333334,
      "recall": 0.7529162248144221,
      "f1": 0.7461902259590121,
      "n": 2700
    }
  },
  "ensemble": {
    "systems": [
      "baseline_nli",
      "approach_1_modernbert",
      "track_b_modernbert"
    ],
    "excluded": [
      "track_a_deberta"
    ],
    "best_val": {
      "weights": [
        0.55,
        0.25,
        0.2
      ],
      "threshold": 0.75,
      "f1": 0.7997010463378177
    },
    "test_ensemble": {
      "precision": 0.7445544554455445,
      "recall": 0.7974549310710498,
      "f1": 0.7700972862263185,
      "n": 2700
    },
    "test_ensemble_per_task": {
      "Summary": {
        "n": 900,
        "precision": 0.5508021390374331,
        "recall": 0.5049019607843137,
        "f1": 0.5268542199488491
      },
      "QA": {
        "n": 900,
        "precision": 0.5867346938775511,
        "recall": 0.71875,
        "f1": 0.6460674157303371
      },
      "Data2txt": {
        "n": 900,
        "precision": 0.8516746411483254,
        "recall": 0.9222797927461139,
        "f1": 0.8855721393034826
      }
    },
    "track_b_alone_stored": {
      "precision": 0.7873303167420814,
      "recall": 0.7380699893955461,
      "f1": 0.7619047619047619,
      "n": 2700
    },
    "track_b_alone_tuned": {
      "threshold": 0.45,
      "precision": 0.7712418300653595,
      "recall": 0.750795334040297,
      "f1": 0.7608812466415905,
      "n": 2700
    }
  }
}